{
	"description": "项目配置文件。",
	"setting": {
		"urlCheck": true,
		"es6": true,
		"postcss": true,
		"minified": true,
		"newFeature": true
	},
	"compileType": "miniprogram",
	"libVersion": "2.2.4",
	"appid": "wx6565730a7d78bd0a",
	"projectname": "%E6%89%AC%E5%B7%9E%E4%BF%AE%E8%84%9A%E9%80%9A%E5%B7%9E%E5%BA%97",
	"isGameTourist": false,
	"simulatorType": "wechat",
	"simulatorPluginLibVersion": {},
	"condition": {
		"search": {
			"current": -1,
			"list": []
		},
		"conversation": {
			"current": -1,
			"list": []
		},
		"plugin": {
			"current": -1,
			"list": []
		},
		"game": {
			"currentL": -1,
			"list": []
		},
		"miniprogram": {
			"current": 1,
			"list": [
				{
					"id": -1,
					"name": "会员签到",
					"pathName": "xc_beauty/ui2/signin/signin",
					"query": ""
				},
				{
					"id": -1,
					"name": "rili",
					"pathName": "xc_beauty/ui2/rili/rili"
				}
			]
		}
	}
}